organization_id,company_name,email,address,size,sectors
0,BARON & DECK,John.C.Maher@spambob.com,1018 1ST AVE APT 1229 # 7A,MC,PT
1,HILLSIDE TERRACE APTS,Shelley.M.Hamer@mailinator.com,10051 SANDRIDGE RD,BG,VA
2,GEORGE B LEWIS APTS,Tracie.M.Vargas@dodgit.com,10964 54TH ST SE,MC,GD
3,F A A AIRPORT,John.P.Stephens@pookmail.com,10826 WALNUT ST,MD,MA
4,BON JOUR ANSWERING,Nicholas.J.Fisher@spambob.com,101 JACKS LN,ST,GD
5,COLLINS POINT,Kenneth.A.Salazar@mailinator.com,10694 DOW RD,ST,MA
6,AMER BOARD OF SURGERY,Donald.J.Spurrier@mailinator.com,1009 BENITO AVE,MC,DM
7,BROOKFIELD APTS,Kevin.M.Bacon@mailinator.com,10300 CHAPEL HILL ST,MC,VA
8,DAYWALT,Roy.D.Byrd@dodgit.com,1 SPOTSWOOD GRAVEL HL RD,ST,MA
9,HILLSIDE TERRACE APTS,Robert.L.Harmon@dodgit.com,114 MILL ST,BG,VA
10,CHUCK & HAROLDS REST,Emanuel.S.Frampton@trashymail.com,1 VALLEYVIEW PL,BG,GD
11,CHUCK & HAROLDS REST,Michael.B.Bright@mailinator.com,103AK S WASHINGTON ST STE 101,ST,VA
12,CENTRAL APT,Maria.M.Mcgrath@mailinator.com,10268 BACHELOR VALLEY RD,MC,DM
13,HARNESS MALL,Terri.J.Wash@pookmail.com,1178 BROADWAY FRNT 3,MD,DM
14,CENTRAL APT,Nathan.S.Smith@dodgit.com,1 NORTHSHORE DR,ST,GD
15,BON JOUR ANSWERING,Elaine.C.Sigler@trashymail.com,1 ELLSWORTH RD,MD,VA
16,DR DEAN,Ramon.C.Shuman@spambob.com,100 MARKET ST STE 1,ST,PT
17,A AND A AUTO,George.M.Morey@spambob.com,1 CRESTVIEW RD,MD,GD
18,DR DEAN,Brian.R.Vasquez@spambob.com,10757 EXECUTIVE DR,BG,DM
19,BETHESDA MEADOWS APTS,Ryan.B.Montano@spambob.com,1 BOTTICELLO DR,ST,PT
20,FIRST COMMONWEALTH,Ray.P.Seibert@mailinator.com,1087 KING,ST,PT
21,COLLINS POINT,David.T.Cardenas@dodgit.com,1 S BODEGA AVE,BG,GD
22,A AND A AUTO,Trevor.A.Beavers@pookmail.com,101 BANKS ST,ST,DM
23,ECONOMY OFFICE SUPPLY,Mary.D.Huseby@dodgit.com,11 COTTAGE ST APT 3A,MC,DM
24,F A A AIRPORT,Donald.E.Adams@trashymail.com,100 ANDREWS ST,ST,PT
25,COTTER HOUSE,Clarence.P.Sedlacek@pookmail.com,1 WOODHAVEN CT,MD,MA
26,BARON & DECK,Maria.I.Smith@spambob.com,1 JASAKU RD,MC,VA
27,HARNESS MALL,Willie.E.Sampson@mailinator.com,100 WACPIS LN,MC,GD
28,AUBURNDALE BEER DISTR,Eva.C.Maroney@mailinator.com,1 CHARLIE WRIGHT HOLW,BG,MA
29,ARBOR  COMMERCIAL MORTAGE LL,Trisha.A.Sandford@dodgit.com,101 EDWARDS LN,MC,VA
30,FIRST COMMONWEALTH,Jennifer.W.Cross@spambob.com,1000 OLD OAK CT APT 1001L,MD,DM
31,AHCCCS MERCY CARE PLAN,Maureen.B.Frias@mailinator.com,1 ALLISON RD,ST,VA
32,CAKES N THINGS,Michelle.J.North@dodgit.com,1 PENWOOD DR APT 8,ST,PT
33,DAYWALT,Betty.D.Braaten@pookmail.com,1061 N CALIFORNIA ST APT 76 # 9892,BG,PT
34,AHCCCS MERCY CARE PLAN,Jesse.B.Joseph@dodgit.com,101 CALLE LA PAZ,MD,PT
35,AUBURNDALE BEER DISTR,Clarence.D.Story@dodgit.com,10137 W FOREST HOME AVE,MC,DM
36,ARBOR  COMMERCIAL MORTAGE LL,Roderick.L.Reynolds@mailinator.com,1 CALLE ESTRELLA,ST,MA
37,AMER BOARD OF SURGERY,Martin.J.Bennett@pookmail.com,1 BLACKFOOT TRL,MD,DM
38,CAKES N THINGS,Richard.R.Rivera@trashymail.com,103 COUNTY ROAD 434,ST,PT
39,COTTER HOUSE,Joseph.V.Martinez@pookmail.com,1055 OVINGTON AVE,ST,VA
40,BETHESDA MEADOWS APTS,Justina.K.Greene@trashymail.com,10110 WESTVIEW DR APT 3105,BG,VA
41,GEORGE B LEWIS APTS,Annette.M.Kirk@trashymail.com,100 POPLAR BRANCH RD,ST,DM
42,ECONOMY OFFICE SUPPLY,Emma.R.Thompson@dodgit.com,100 FAWNS WAY,MD,PT
43,BROOKFIELD APTS,Mark.J.Wade@pookmail.com,1 MUNREI CT,BG,GD
44,ISLAMIC SOCEITY OF GREATER HOU,James.L.Barnes@dodgit.com,100 COMMERCE ST,BG,MA
45,CHARLOTTE MERCHANDISE MAR,Robert.H.Warren@spambob.com,1 WEST LN,BG,VA
46,BEACH AREA FREE CLINIC,Tracy.L.Dwyer@spambob.com,1 HEYRAD ST,MD,MA
47,GOLDEN HILL APT,Larry.J.Royston@pookmail.com,100 S SHORE DR FL 2,BG,MA
48,COURTYARD MARRIOTT,Elizabeth.M.Cooley@mailinator.com,1059 EAST AVE APT 5,MC,MA
49,ALLCUTT APTS,Linda.K.Schiefelbein@dodgit.com,1 BANK ONE PLZ,ST,GD
50,COMP MODEL,Mickey.A.Cooper@trashymail.com,100 BANKS LN,MD,MA
51,HEADQUARTERS AUTO,Cecilia.C.Morrison@mailinator.com,1205 CALLE SATURNO PMB 5568,BG,VA
52,DR RANDALL BARNES DO,Michael.E.Horowitz@mailinator.com,10709 JENN RIDGE DR,MC,VA
53,ARTHURS COURT APTS,Laura.M.Wells@dodgit.com,101 MARIA LN,MD,MA
54,B B RESEARCH,Gloria.S.Leavitt@dodgit.com,1016 CLIFTON ST NE,BG,DM
55,ELMWOOD PARK POLICE DEPT,Charles.R.Laskowski@pookmail.com,1081 WATERLOO RD,BG,GD
56,FAROUK M KANNA MD,Adam.B.Kirk@trashymail.com,108 DEVON ST APT 1,MC,VA
57,BEACH AREA FREE CLINIC,Ben.T.Bryant@spambob.com,102 CALMES BLVD,BG,GD
58,CLARK APPLIANCE,Anna.E.Ishee@dodgit.com,1 WATERFORD CT,BG,GD
59,DR RANDALL BARNES DO,Michael.M.Johnson@spambob.com,100 HUNTERS LN,BG,DM
60,CARLS BAR SUPPLY,Jason.T.Aldaco@trashymail.com,1 QUEENSBRIDGE DR,MC,GD
61,AMTRAK 30TH STREET STATION,Alex.H.Declue@dodgit.com,10008 STATE ROUTE 3,MD,GD
62,FAROUK M KANNA MD,Deborah.F.Bier@mailinator.com,100 LANDSER CV,MC,GD
63,GOLDEN HILL APT,Kimberly.E.Vanhorn@mailinator.com,1099 W HEATON ST,MD,GD
64,DIV OF WATERS,Arthur.S.Kendall@pookmail.com,1047 S 157TH PL,MD,GD
65,COMP MODEL,Brent.C.Magallanes@mailinator.com,1050 TAYLORS LN STE 1,BG,PT
66,HEADQUARTERS AUTO,Teodora.K.Gainer@dodgit.com,1001 W SOUTHERN AVE STE 561,BG,MA
67,BISHOP HILL OFC,Steven.C.Helm@mailinator.com,1 BYETRO RD,BG,GD
68,AMTRAK 30TH STREET STATION,Drucilla.J.Henderson@spambob.com,1 CALLE 2 URB MONTE REY,ST,DM
69,CARLS BAR SUPPLY,Anne.J.Hunter@trashymail.com,10222 84TH ST SE,ST,PT
70,DIV OF WATERS,Lizette.W.Cannon@pookmail.com,10 MAJORS RD,MD,PT
71,B B RESEARCH,Alfred.L.Mueller@pookmail.com,1 GLEN HAVEN TRAILER CT,MD,PT
72,CLARK APPLIANCE,Giovanna.R.Walls@mailinator.com,104 W 50TH ST APT 1 # 3508,BG,PT
73,BUCHI TRAILER PARK,David.F.Horton@pookmail.com,1 LAMPREY RIVER TRLR PARK,MC,DM
74,FRIIA & SOLIS,Gabriel.M.Romo@trashymail.com,10909 N LAKE RD,ST,PT
75,BRAGG ELEMENTARY SCHOOL,Hector.M.Gulick@pookmail.com,1036 US 27,BG,PT
76,ACADEMY PARK,Robert.G.Myler@trashymail.com,0J EAST HWY,MC,MA
77,COURTYARD MARRIOTT,Howard.V.Pham@mailinator.com,10 BROADWAY APT B,ST,MA
78,BUCHI TRAILER PARK,Philip.A.Letcher@dodgit.com,10417 SHADOW RIDGE LN APT 101,BG,GD
79,ISLAMIC SOCEITY OF GREATER HOU,Charles.N.Shelby@dodgit.com,118 LONDON ST APT 1,ST,VA
80,ALLCUTT APTS,Luis.P.Padgett@dodgit.com,1001 SANDY SWAMP TRACE PKWY PMB 10005,ST,GD
81,BISHOP HILL OFC,Lisa.N.Bernal@mailinator.com,1031AG CAPE CORAL PKWY E STE 202,BG,VA
82,BRAGG ELEMENTARY SCHOOL,Bobbie.A.Bergstrom@dodgit.com,1 MASCONOMO ST,MD,GD
83,ACADEMY PARK,Christopher.G.Cortes@dodgit.com,101 TREMONT ST STE 807,MD,GD
84,FRIIA & SOLIS,Dorothy.C.Kittredge@trashymail.com,100 N HAWKINS,BG,MA
85,ELMWOOD PARK POLICE DEPT,Troy.W.Oquinn@pookmail.com,10 VAN BUREN DR,MC,DM
86,ARTHURS COURT APTS,Delores.C.Wilson@trashymail.com,1 CALLE PISCIS,ST,GD
87,CHARLOTTE MERCHANDISE MAR,Norma.K.Vance@dodgit.com,105 JOHN INGRAM RD SE,MD,MA
88,GE FINANCIAL ASSURANCE,Charles.A.Wise@spambob.com,100 PARKLAND RD,MD,PT
89,DR ARSULOWICZ,Michael.M.Anderson@trashymail.com,1074 WOODBURY PL,ST,VA
90,CHILD GUIDANCE CENTER,Francis.D.Branton@spambob.com,1 TWO RUN CREEK TRL NW,ST,PT
91,412 OSS OSWR,Michael.R.Ruley@spambob.com,1000 COND EFRAIN SUAREZ APT 48,ST,VA
92,FIRST AMERICAN MANAGEMENT,William.J.Macek@pookmail.com,1000 HIGBEE DR STE 108,ST,DM
93,HICKS AUTO BODY,Jacquline.L.Cox@mailinator.com,114 HAYES MILL RD APT C209,MD,MA
94,ALUMNAE HOUSE,Michael.T.Davis@trashymail.com,101 SUSSEX ST # 4687 # 2999,ST,MA
95,412 OSS OSWR,John.T.Dodd@mailinator.com,1 CORPORATE DR,MD,PT
96,AEROSPACE STUDIES AFROTC,Beatriz.J.Bradley@mailinator.com,1 ADAMS ST,ST,MA
97,GE FINANCIAL ASSURANCE,Harold.J.Jones@mailinator.com,1095 N WASHINGTON ST,BG,GD
98,AEROSPACE STUDIES AFROTC,Sandra.J.Stringfellow@pookmail.com,101 BROWNS LN,MC,MA
99,BRITT RIEHL & MISSET,Melvin.J.Crutchfield@trashymail.com,103 W 425 S,MD,PT
100,HICKS AUTO BODY,Robert.L.Lane@dodgit.com,1004 US 27,BG,PT
101,CHILD GUIDANCE CENTER,Mary.L.Simpson@trashymail.com,1038 SW 122ND ST APT C301,MD,MA
102,DR ARSULOWICZ,Connie.E.Mcgurk@pookmail.com,100 LILLIANS WAY,BG,PT
103,EVERGREEN HOSPITAL LAB,Lillian.M.Moody@spambob.com,10793 63RD ST NE,ST,PT
104,COFFEY MUSIC,William.J.Hopkins@spambob.com,1068 E COMMERCE ST,ST,DM
105,BANNER DESERT HOSPITAL,Kevin.M.Hoffman@dodgit.com,1020 E ALMA AVE,BG,VA
106,ATLANTIC TRL,Jerry.G.Gayman@spambob.com,101 PARK AVE STE 665,BG,VA
107,COPES FOODFAIR,Henry.K.Rowan@mailinator.com,100 CALLE 6,MD,GD
108,CEDAR PARK TRAILER OFFICE,Herman.L.Weed@pookmail.com,1 NASSAU ST UNIT 1801,ST,GD
109,DAVID BROCKMAN,Linwood.P.Gorsuch@dodgit.com,106 W MAIN ST,BG,MA
110,C AND K PETROLEUM PRODUCT,Tony.A.Arroyo@trashymail.com,10294 65TH ST SE,MC,GD
111,BANNER DESERT HOSPITAL,Curtis.S.Gray@pookmail.com,1 INFOLL RD,BG,VA
112,ATLANTIC TRL,Henry.B.Welch@pookmail.com,1 CAROLYNS WAY,ST,VA
113,BERKSHIRE RESERVE APTS,Mike.E.Palmer@dodgit.com,1 HUTCHINSON PKWY,MD,MA
114,BRITT RIEHL & MISSET,Ernest.A.Alexander@trashymail.com,1 MOODY PLZ FL 18,ST,DM
115,DUNCAN,Carl.T.Nicholson@spambob.com,11 CALLE B VILLA LAURA,ST,DM
116,EVERGREEN HOSPITAL LAB,Louise.J.Farrar@dodgit.com,100 ADAMS RD,BG,VA
117,HAMMOND KENNEDY,Patti.R.Lynch@dodgit.com,1176 WALTON AVE APT 3H,MD,PT
118,APPLIED MICROFILM,Daisy.W.Speece@dodgit.com,1 CALLE C VILLAS DE MAUNABO,ST,DM
119,BOARD OF CORRECTION,Helen.M.Rasmussen@trashymail.com,101 HOLLOWAYS DR,MD,VA
120,APPLIED MICROFILM,Laura.J.Denny@dodgit.com,1001 SANDIDGE RD,MD,VA
121,BERKSHIRE RESERVE APTS,Andrea.W.Shaw@pookmail.com,1011 BELLEMEADE AVE APT 686 # 8176,MC,GD
122,ALUMNAE HOUSE,Patricia.J.Wallace@pookmail.com,1 BELLEAIR DR,MD,GD
123,C AND K PETROLEUM PRODUCT,Taylor.T.Nguyen@spambob.com,1 PARAMOUNT ST,MC,GD
124,BOARD OF CORRECTION,Phyllis.B.Mondy@mailinator.com,1 EASTHILL RD,MD,MA
125,CEDAR PARK TRAILER OFFICE,Ben.A.Wyss@dodgit.com,1025 WESTFIELD ST STE 1,MC,GD
126,DUNCAN,Jane.C.Silva@trashymail.com,100 E OAK HILL DR,BG,GD
127,COFFEY MUSIC,Luis.J.Freed@pookmail.com,1 ROCKHOUSE CV,MD,PT
128,DAVID BROCKMAN,Pamela.J.Maynard@trashymail.com,1 SHOPE CREEK ESTATES DR,ST,PT
129,FIRST AMERICAN MANAGEMENT,Cora.N.Macdonald@spambob.com,11 PINEHILL TRL E,MC,PT
130,HAMMOND KENNEDY,Willis.E.Barnett@pookmail.com,100 W 33RD ST APT 20,MD,GD
131,COPES FOODFAIR,Stephen.P.Snider@spambob.com,10539 ASHWORTH AVE N,MD,GD
132,CARDELL INC,Mary.J.Tierney@dodgit.com,1022 E MELROSE AVE,MC,DM
133,ALICE BIRNEY SCHOOL,Michael.J.Hicks@mailinator.com,101 DEER RUN DR,MD,PT
134,COMMERCIAL VAN & TRUCK,Nancy.B.Campbell@trashymail.com,1050 ANDERSON AVE APT K,ST,GD
135,CLAIBORNE PARISH COURTHOU,Karen.T.Bishop@dodgit.com,104 PRIDGEUN,BG,DM
136,BRUCE FICHTER INC,Amber.J.Clark@trashymail.com,1041 NELSON AVE APT 2J,MD,MA
137,GLIGOR PHALINES BLDG,Jennifer.H.Willcox@mailinator.com,100 S BERKLEY SQ PH 1E,BG,MA
138,FREED & SANDER,Dorothy.S.Beebe@spambob.com,100 N ADAMS ST,MD,MA
139,AMI BUILDING,Tania.B.Scott@spambob.com,10001 STATE HIGHWAY 246,ST,VA
140,CHAPARRAL APTS,John.M.Mckee@trashymail.com,1 THOMPSON HILL SPUR RD,MC,DM
141,COMMERCIAL VAN & TRUCK,Bonnie.D.Kerns@trashymail.com,100 AVENUE I,MD,MA
142,FREED & SANDER,Jose.S.Beamon@trashymail.com,10900 COUNTY ROAD 508,BG,MA
143,AZTEC AWNING,Sandra.T.Eldredge@pookmail.com,10157 WESTVIEW DR APT 193,ST,DM
144,CHAPARRAL APTS,Fernando.E.Perez@mailinator.com,105 CREEK RD,ST,MA
145,BAYOU CHEVROLET,Jeremy.P.Caudill@trashymail.com,102 BEALS MILL RD,MC,MA
146,ABINGTON PLAZA,Lora.D.Thornton@trashymail.com,10075 140TH AVE NE,MC,DM
147,ELLERMAN & GENOVESE,Amy.W.Nelson@mailinator.com,10 SETIAN CIR,MD,MA
148,CARDELL INC,Julie.E.Emerick@mailinator.com,1 PREJAL LN,BG,PT
149,ARROW LOCK 1,Daniel.J.Arnette@pookmail.com,1 CALLE MIRTO,MD,VA
150,FAN FARES,James.R.Davis@trashymail.com,100 LAKE BRANDT DR,MC,PT
151,BIOCHEMISTRY & MOLECULAR BIOLOGY,Mildred.B.Doyle@spambob.com,1 BUCKS LN,ST,GD
152,DISC,Vincent.A.Hunter@dodgit.com,1046 WASHINGTON AVE,ST,MA
153,HAYES MILL ESTS,Donna.D.Pedroza@trashymail.com,1204 E CHESTERFIELD ST,MC,GD
154,BAYOU CHEVROLET,Kim.A.Buck@pookmail.com,1 HELEN DR,BG,PT
155,GLIGOR PHALINES BLDG,Jamie.V.Curtis@dodgit.com,1099 N 20TH ST,ST,VA
156,DISC,Royal.L.Acuff@pookmail.com,10 HASBROUCK AVE # 7250 # 2536,BG,DM
157,ABINGTON PLAZA,Kim.I.Gaines@dodgit.com,01 957TH EXT RD PMB 10052,MD,DM
158,BRUCE FICHTER INC,Carl.L.Sclafani@mailinator.com,1 LAKESHORE RD,ST,VA
159,COUNTY ROAD 36,Maryann.G.Erskine@spambob.com,10 BARNES RD,BG,PT
160,BOYER AND RITTER CPA,Barbara.J.Williams@mailinator.com,1035 S BROOK ST APT 1,MD,GD
161,BOYER AND RITTER CPA,Pamela.K.Ferris@trashymail.com,1 MARKET,MC,GD
162,COUNTY ROAD 36,Linda.L.Truex@spambob.com,1058 E BRIDGEWATER RD,MC,PT
163,DR MEANS,Kenneth.V.Fink@spambob.com,100 HOLIDAY PLZ APT 460 # 10688,MC,MA
164,AZTEC AWNING,Deirdre.E.Hughes@spambob.com,1 GARRETSON DR,ST,DM
165,CLAIBORNE PARISH COURTHOU,Darlene.E.Shanklin@spambob.com,1 WAMCHI LOOP,ST,MA
166,ALICE BIRNEY SCHOOL,Sherrie.R.Stanton@dodgit.com,1 AVENUE I,MC,GD
167,HAYES MILL ESTS,Christopher.K.Woods@trashymail.com,1000 ASLOHN ST,ST,GD
168,ARROW LOCK 1,Marilyn.R.Roark@trashymail.com,101 HAMBURG TPKE STE 1,MD,DM
169,DR MEANS,Kathy.C.Moore@mailinator.com,107 YINEPH ST,MD,PT
170,HOME ECONOMICS BLDG,Marie.P.Dooley@trashymail.com,118 CORBIN AVE APT 301,ST,VA
171,HOME ECONOMICS BLDG,Troy.C.Morin@pookmail.com,100 CHURCH ST,MD,MA
172,BIOCHEMISTRY & MOLECULAR BIOLOGY,Joseph.V.Perry@spambob.com,1031 LEXINGTON AVE FRNT 3,ST,VA
173,AMI BUILDING,Kevin.D.Crawley@dodgit.com,0 SILHOUETTE BOOKS,MD,VA
174,ELLERMAN & GENOVESE,Salvador.D.Scroggins@trashymail.com,10803 RANGE VIEW DR,MC,GD
175,FAN FARES,Olga.R.Peters@pookmail.com,108 CALLE ALMENDRO,BG,DM
176,CHILD INCORPORATED,Kayla.R.Hoppe@dodgit.com,1 UGARGA GRV,MC,MA
177,418 FLTS CCDU,Tina.E.Burton@spambob.com,1000 COUNTRY PLACE DR APT 1,BG,GD
178,BANYAN BEACH MOTEL,John.S.Lerma@mailinator.com,1 INMEXA DR,BG,MA
179,DR AUERBACH,Bonnie.S.Buchanan@dodgit.com,100 LINEAGE LN,MD,PT
180,DAVID F PECK MD,Reva.K.Kobayashi@trashymail.com,1 SHOREVIEW LN,MC,DM
181,GEBHARDT AND SMITH ATTYS,John.R.Johnson@spambob.com,100 PARKS AVE,ST,DM
182,BRITTANY APTS,Shirley.A.Wrigley@dodgit.com,103 W HIGHLAND AVE STE 100,MC,GD
183,COPIAGUE PLAZA,Walter.B.Burgos@trashymail.com,100 CALLE 6 CARCEL,ST,MA
184,DAVID F PECK MD,Casey.M.Durbin@spambob.com,106 W UNION,BG,DM
185,ATLANTIS APTS,Felecia.W.Clark@mailinator.com,10120 WESTVIEW DR APT 601,MD,PT
186,CHILD INCORPORATED,Edward.M.Guenther@trashymail.com,1038 W WOODLAWN ST,MC,PT
187,ALVARADO MEDICAL CTR,Sarah.R.Smith@pookmail.com,101 TANGLEWOOD DR,MD,MA
188,DR AUERBACH,Rene.L.Whitely@spambob.com,10740 ELTZROTH RD,MD,PT
189,BERMUDA ISLE APTS,Leonard.E.Overby@spambob.com,1011 CLIFTON AVE STE 5,MD,PT
190,C B I CREDIT REPORTING CT,Donald.S.Hill@spambob.com,1 PARK DR,MC,MA
191,APPLIED TECHNOLOGY CENTER,Erin.R.Brothers@spambob.com,1 CALLE CAOBA,ST,GD
192,FIRST AMERICAN TITLE,Kelly.O.Jones@dodgit.com,1000 HOLLYS LN,ST,VA
193,CEDAR RIDGE APTS,Lillian.A.Hoffmann@trashymail.com,10251 OAK HOLLOW CIR,ST,VA
194,CEDAR RIDGE APTS,Donald.A.Davis@trashymail.com,1 NATTEM AVE,MC,PT
195,EASTERN REHABILATION,Helaine.R.Graham@spambob.com,11 CALLE C,MC,PT
196,EASTERN REHABILATION,Dorothy.R.Delacruz@mailinator.com,100 E PARK CIR,ST,PT
197,EVERMAN HIGH SCHOOL,Aaron.E.Avila@spambob.com,100 ADRIANS PL,MC,MA
198,BRITTANY APTS,Louis.L.Wiese@spambob.com,1 MOREY PARK HILL RD,MD,GD
199,BOARD OF EDUCATION,Johnnie.S.Guerrero@spambob.com,1 EASTMAN KODAK,MC,DM
200,EVERMAN HIGH SCHOOL,Andrew.D.Matthews@pookmail.com,10795 FM 1886,MC,GD
